plz,strasse,nummer,lon,lat,status,modifikation,batterie,kommentar
8330,Alpenstrasse,1,8.7784423828125,47.36737060546875,IN_BETRIEB,21.02.2024,False,
8330,Am Landsberg,21,8.782505,47.374423,IN_BETRIEB,01.10.2024,True,Batterie
8330,Am Landsberg,25,8.782632827758789,47.37456512451172,IN_BETRIEB,21.06.2016,False,
8330,Am Landsberg,31,8.782798,47.374322,ANMELDUNG,06.08.2025,True,Batterie
8330,Am Landsberg,35,8.783012,47.374109,IN_BETRIEB,11.11.2025, True,Batterie,
8330,Am Landsberg,37,8.7832,47.373921,IN_BETRIEB,11.11.2025,True,Batterie
8330,Angelstrasse,1a,8.777206420898438,47.37541961669922,IN_BETRIEB,20.11.2016,False,
8330,Angelstrasse,1b,8.77717113494873,47.37542724609375,IN_BETRIEB,01.03.2023,False,
8330,Angelstrasse,5a,8.777303695678711,47.37565612792969,IN_BETRIEB,18.06.2020,False,
8330,Angelstrasse,5b,8.777267456054688,47.37566375732422,IN_BETRIEB,05.12.2022,False,
8330,Angelstrasse,7a,8.777379989624023,47.375892639160156,IN_BETRIEB,06.06.2018,False,
8330,Angelstrasse,7c,8.777215003967285,47.37592697143555,IN_BETRIEB,25.11.2016,False,
8330,Angelstrasse,9a,8.777260780334473,47.37614822387695,IN_BETRIEB,14.07.2020,False,
8330,Angelstrasse,14,8.778100967407227,47.376373291015625,IN_BETRIEB,,False,"kein Plan vorhanden, BG2009-0114"
8330,Angelstrasse,20,8.777687072753906,47.3764533996582,IN_BETRIEB,01.10.2016,False,
8330,Auenhof,1,8.780407905578613,47.37828063964844,IN_BETRIEB,03.05.2023,False,
8330,Äussere Zelglistrasse,15c,8.789676666259766,47.36388397216797,IN_BETRIEB,11.12.2023,False,
8330,Äussere Zelglistrasse,15d,8.789746284484863,47.36384582519531,IN_BETRIEB,11.12.2023,False,
8331,Bachstrasse,1,8.805859,47.344894,IN_BETRIEB,19.08.2025,False,
8331,Bachstrasse,10,8.805507,47.344473,IN_BETRIEB,23.06.2025,True,Batterie
8331,Bachstrasse,14,8.805756568908691,47.34430694580078,IN_BETRIEB,11.05.2022,False,
8331,Bachstrasse,19,8.806892,47.344218,IN_BETRIEB,19.08.2025,False
8330,Bachtelstrasse,7,8.787058,47.367838,IN_BETRIEB,,True,Batterie im Heizungsraum
8330,Bachtelstrasse,11,8.787470817565918,47.36740493774414,IN_BETRIEB,24.06.2024,False,
8330,Bachtelstrasse,25,8.78840160369873,47.3668098449707,IN_BETRIEB,08.04.2016,False,
8330,Bachtelstrasse,39,8.791376,47.36609,ANMELDUNG,30.10.2025,True,Batterie
8330,Bachtelstrasse,46,8.790160179138184,47.36555099487305,IN_BETRIEB,02.08.2024,False,
8330,Bachtelstrasse,48,8.790271,47.365422,ANMELDUNG,01.04.2026,False,
8330,Bachtelstrasse,53,8.791280746459961,47.36542510986328,IN_BETRIEB,30.09.2021,False,
8330,Bachtelstrasse,55,8.790979,47.365192,IN_BETRIEB,12.09.2024,False
8330,Bachtelstrasse,56,8.790314674377441,47.364871978759766,IN_BETRIEB,18.05.2021,False,
8330,Bachtelstrasse,58,8.790749549865723,47.36484146118164,IN_BETRIEB,,False,"kein Plan vorhanden, BG2009-0114"
8330,Bahnhofstrasse,19,8.785217,47.366475,IN_BETRIEB,21.12.2023,False,
8330,Bahnhofstrasse,24.2,8.784675598144531,47.366607666015625,IN_BETRIEB,03.07.2024,False,
8330,Balmerstrasse,2,8.801698684692383,47.35362243652344,IN_BETRIEB,19.08.2024,False,
8331,Balmerstrasse,20.5,8.804192,47.351511,IN_BETRIEB,30.07.2025,False,
8331,Balmerstrasse,23,8.805074691772461,47.35153579711914,IN_BETRIEB,04.03.2024,False,
8331,Balmerstrasse,"68,70",8.812239,47.346372,IN_BETRIEB,03.03.2025,True,Batterie
8331,Balmerstrasse,"81,83",8.816423416137695,47.34283447265625,IN_BETRIEB,03.05.2016,False,
8330,Barzloostrasse,10,8.768762,47.370114,IN_BETRIEB,24.06.2025,False,LOBAG Machinenbau AG
8330,Barzloostrasse,12,8.768476486206055,47.3705940246582,IN_BETRIEB,17.11.2023,False,Haba AG
8330,Baumenstrasse,2,8.78927993774414,47.362064361572266,IN_BETRIEB,20.05.2019,False,
8330,Baumenstrasse,4,8.78889274597168,47.36222839355469,IN_BETRIEB,20.05.2019,False,
8330,Baumenstrasse,7,8.789809226989746,47.36159896850586,IN_BETRIEB,04.01.2021,False,
8330,Baumenstrasse,8,8.78829574584961,47.362205505371094,IN_BETRIEB,27.10.2017,False,"zusammenführen, Plan unlesbar"
8330,Baumenstrasse,10,8.788666725158691,47.362022399902344,IN_BETRIEB,27.10.2017,False,"zusammenführen, Plan unlesbar"
8330,Baumenstrasse,12,8.78903865814209,47.361839294433594,IN_BETRIEB,27.10.2017,False,"zusammenführen, Plan unlesbar"
8330,Baumenstrasse,15,8.78919506072998,47.36133575439453,IN_BETRIEB,09.02.2018,False,
8330,Baumenstrasse,21,8.788724899291992,47.36088562011719,IN_BETRIEB,09.08.2013,False,
8330,Baumgartenstrasse,8a,8.795912742614746,47.36098861694336,IN_BETRIEB,18.04.2024,False,
8330,Baumgartenstrasse,27,8.796424865722656,47.362483978271484,IN_BETRIEB,11.08.2022,False,
8330,Baumgartenstrasse,29,8.796611785888672,47.362266540527344,IN_BETRIEB,31.08.2020,False,
8330,Baumgartenstrasse,30,8.79633903503418,47.362125396728516,IN_BETRIEB,,False,"kein Plan vorhanden, "
8330,Baumgartenstrasse,31,8.79688835144043,47.36210632324219,IN_BETRIEB,,False,"kein Plan vorhanden,"
8330,Baumgartenstrasse,33,8.797262191772461,47.36201095581055,IN_BETRIEB,,False,"kein Plan vorhanden, BG2013-0029"
8330,Berghaldenstrasse,3,8.794897079467773,47.3741340637207,IN_BETRIEB,,False,kein Plan vorhanden
8330,Berghaldenstrasse,13, 8.794378280639648,47.37372970581055,IN_BETRIEB,09.07.2024,False,
8330,Berghaldenstrasse,15,8.79474925994873, 47.3737983703613,IN_BETRIEB,09.07.2024,False,
8330,Berghaldenstrasse,17,8.794389724731445, 47.37398147583008,IN_BETRIEB,09.07.2024,False,
8330,Berghaldenstrasse,19,8.793993949890137, 47.37404251098633, IN_BETRIEB,09.07.2024,False,
8330,Berghaldenstrasse,21,8.793632507324219,47.37413787841797,IN_BETRIEB,26.11.2016,False,
8330,Berghaldenstrasse,27,8.792469,47.374512,ANMELDUNG,29.10.2025,False,
8330,Berghaldenstrasse,35,8.791199684143066,47.37501907348633,IN_BETRIEB,25.10.2016,False,
8330,Berghaldenstrasse,39,8.790543,47.375354,IN_BETRIEB,26.02.2025,True,Batterie
8330,Berghaldenstrasse,44,8.789968490600586,47.3762321472168,IN_BETRIEB,23.12.2011,True,Batterie
8330,Bergholzstrasse,3,8.790642738342285,47.37709045410156,IN_BETRIEB,15.09.2016,False,
8330,Bergstrasse,15,8.78972053527832,47.375431060791016,UNBEKANNT,,False,"(BG2008-0071), nach meinem Wissensstand ist es eine thermische Anlage und nicht erstellt."
8330,Bergstrasse,24,8.789539337158203,47.37660598754883,IN_BETRIEB,02.02.2022,False,
8330,Bergstrasse,26,8.789440155029297,47.37687301635742,ANMELDUNG,07.11.2022,False,
8330,Bergweidstrasse,6,8.79036,47.374335,IN_BETRIEB,20.03.2025,True,Batterie
8330,Bergweidstrasse,7,8.79063892364502,47.37484359741211,IN_BETRIEB,01.05.2020,False,
8330,Bergweidstrasse,9,8.79065990447998,47.37483215332031,IN_BETRIEB,01.05.2020,False,
8330,Bergweidstrasse,15,8.79138,47.374459,IN_BETRIEB,25.03.2025,False,
8330,Bergweidstrasse,20,8.792012214660645,47.37397384643555,IN_BETRIEB,14.04.2012,False,
8331,Blumengasse,10,8.816503524780273,47.342227935791016,IN_BETRIEB,,False,"kein Plan vorhanden, BG2010-0077"
8330,Boden,3.1,8.756766,47.359248,IN_BETRIEB,06.07.2026,False,
8330,Bodenackerstrasse,4,8.794642448425293,47.3747673034668,IN_BETRIEB,19.04.2017,False,
8330,Bodenackerstrasse,8d,8.796407699584961,47.37491989135742,IN_BETRIEB,20.09.2023,True,Batterie
8330,Bodenackerstrasse,9,8.793951988220215,47.37471008300781,IN_BETRIEB,20.04.2023,False,
8330,Bodenackerstrasse,10d,8.795961380004883,47.37502670288086,IN_BETRIEB,21.09.2023,True,Batterie
8330,Bodenackerstrasse,15,8.793194770812988,47.374935150146484,IN_BETRIEB,24.04.2023,False,
8330,Bodenackerstrasse,30,8.792141914367676,47.37599563598633,IN_BETRIEB,14.12.2023,False,
8330,Bodenackerstrasse,39,8.791214942932129,47.37553405761719,IN_BETRIEB,09.11.2015,False,
8330,Bodenackerstrasse,20b,8.793079376220703,47.375606536865234,IN_BETRIEB,12.06.2023,False,
8330,Bodenackerstrasse,22a,8.792619705200195,47.375587463378906,ANMELDUNG,14.07.2023,False,
8330,Bodenackerstrasse,22b,8.792756080627441,47.37574005126953,IN_BETRIEB,12.06.2023,False,
8330,Bodenackerstrasse,44.1,8.791013717651367,47.37666320800781,IN_BETRIEB,18.02.2022,False,
8330,Bodenackerstrasse,44,8.791269302368164,47.376708984375,IN_BETRIEB,25.09.2015,False,
8330,Bodenackerstrasse,52,8.790231704711914,47.37688446044922,IN_BETRIEB,30.06.2022,False,
8330,Bodenackerstrasse,54,8.790202140808105,47.37709426879883,IN_BETRIEB,22.02.2024,False,
8330,Bodenackerstrasse,55,8.789628028869629,47.37705612182617,IN_BETRIEB,18.01.2024,True,Batterie
8330,Bründlerstrasse,5,8.795459747314453,47.36452865600586,IN_BETRIEB,10.02.2020,False,
8330,Bründlerstrasse,7,8.79577350616455,47.364376068115234,IN_BETRIEB,10.02.2020,False,
8330,Böndlerstrasse,17,8.786050796508789,47.368751525878906,IN_BETRIEB,11.08.2017,False,
8330,Böndlerstrasse,19,8.786312103271484,47.36859893798828,IN_BETRIEB,30.03.2017,False,
8330,Böndlerstrasse,21,8.786481857299805,47.368431091308594,IN_BETRIEB,,False,"kein Plan vorhanden, BG2007-0115"
8330,Büelstrasse,19,8.779400825500488,47.366214752197266,IN_BETRIEB,18.08.2021,False,
8330,Bürglenstrasse,6,8.792128562927246,47.3607292175293,IN_BETRIEB,29.08.2019,False,
8330,Bürglenstrasse,8,8.791916847229004,47.36064147949219,UNBEKANNT,,False,(BG2012-0129) nicht erstellt
8331,Chrummachergasse,6/8,8.811841011047363,47.34639358520508,UNBEKANNT,,False,keine Ahnung
8330,Dorfstrasse,23,8.792995,47.361901,IN_BETRIEB,31.06.2022,False
8330,Dorfstrasse,31.2,8.793743,47.362185,ANMELDUNG,31.08.2026,False,kein Plan vorhanden
8330,Dorfstrasse,57,8.795233726501465,47.36305618286133,ANMELDUNG,12.08.2024,False,
8331,Dorfstrasse,6,8.8057861328125,47.34552001953125,IN_BETRIEB,03.09.2024,True,Batterie
8331,Dorfstrasse,8,8.805741310119629,47.3453369140625,IN_BETRIEB,23.08.2024,True,Batterie
8331,Dorfstrasse,21,8.80441665649414,47.344566345214844,IN_BETRIEB,27.03.2014,False,
8331,Dorfstrasse,23,8.80400276184082,47.34442138671875,IN_BETRIEB,05.07.2021,False,
8330,Dörflistrasse,2,8.79389476776123,47.36176300048828,IN_BETRIEB,23.10.2019,False,
8330,Dörflistrasse,4,8.794092178344727,47.361663818359375,IN_BETRIEB,17.04.2020,False,
8330,Dörflistrasse,5,8.794365882873535,47.36174774169922,IN_BETRIEB,01.05.2019,False,
8330,Eichholzstrasse,1,8.780411,47.374205,IN_BETRIEB,01.04.2025,True,Batterie
8330,Eichholzstrasse,2,8.780815124511719,47.37407302856445,IN_BETRIEB,03.12.2016,False,
8330,Eichholzstrasse,12,8.781017303466797,47.37450408935547,IN_BETRIEB,29.08.2023,True,Batterie
8330,Eichholzstrasse,15,8.780393600463867,47.3745231628418,IN_BETRIEB,18.11.2016,False,
8330,Eichholzstrasse,21,8.77968978881836,47.37483215332031,UNBEKANNT,,False,nicht erstellt
8330,Eichholzstrasse,23,8.779459953308105,47.37491226196289,IN_BETRIEB,,False,"kein Plan vorhanden, BG2010-0015"
8330,Eichholzstrasse,26,8.779584884643555,47.375221252441406,IN_BETRIEB,09.06.2015,False,
8330,Eichholzstrasse,27,8.779011726379395,47.37501525878906,UNBEKANNT,,False,"BG2010-0100 ob effektiv erstellt, unklar"
8330,Eichholzstrasse,28,8.779512405395508,47.375247955322266,IN_BETRIEB,23.07.2015,False,
8330,Eichholzstrasse,29,8.778882026672363,47.375030517578125,IN_BETRIEB,,False,"kein Plan vorhanden, BG2009,0034"
8330,Eichholzstrasse,40,8.778132438659668,47.37504959106445,IN_BETRIEB,01.04.2022,False,
8330,Eichholzstrasse,42,8.778158187866211,47.375160217285156,IN_BETRIEB,11.06.2021,False,
8330,Eichholzstrasse,44,8.777987480163574,47.375099182128906,IN_BETRIEB,01.04.2022,False,
8330,Eichholzstrasse,46,8.778010368347168,47.375213623046875,IN_BETRIEB,23.08.2022,False,
8330,Eichholzstrasse,50,8.777861595153809,47.375267028808594,IN_BETRIEB,31.10.2024,False,
8330,Eichholzstrasse,52,8.777695655822754,47.375205993652344,IN_BETRIEB,14.08.2019,False,Anmeldung?
8330,Eichholzstrasse,56,8.77755069732666,47.37525939941406,IN_BETRIEB,10.05.2023,False,
8330,Eichholzstrasse,58,8.777557373046875,47.3753547668457,IN_BETRIEB,18.04.2019,False,Anmeldung?
8330,Feldstrasse,2,8.78139877319336,47.37385559082031,IN_BETRIEB,14.06.2021,False,
8330,Feldstrasse,15,8.780233,47.373919,ANMELDUNG,11.11.2025,False,keine Pläne vorhanden
8330,Feldstrasse,16,8.780179977416992,47.374298095703125,IN_BETRIEB,27.12.2022,False,
8330,Feldstrasse,20,8.779699325561523,47.37449645996094,IN_BETRIEB,15.02.2023,False,
8330,Feldstrasse,22,8.779466,47.374595,ANMELDUNG,05.06.2026,True,Batterie
8330,Feldstrasse,23a,8.779077529907227,47.37407684326172,IN_BETRIEB,,False,"kein Plan vorhanden, BG2011-0004"
8330,Feldstrasse,24,8.779254913330078,47.37465286254883,IN_BETRIEB,12.01.2017,False,
8330,Feldstrasse,25a,8.778658866882324,47.37422561645508,IN_BETRIEB,06.05.2022,False,
8330,Feldstrasse,25b,8.778512954711914,47.374046325683594,IN_BETRIEB,12.09.2019,False,Norddach
8330,Feldstrasse,25b,8.778512954711914,47.374046325683594,IN_BETRIEB,14.02.2017,False,Süddach
8330,Feldstrasse,26,8.778983116149902,47.37477493286133,IN_BETRIEB,,False,"kein Plan vorhanden, BG2013-0057"
8330,Feldstrasse,29b,8.777934074401855,47.3742561340332,IN_BETRIEB,28.05.2024,True,Batterie
8330,Feldstrasse,46,8.77682113647461,47.37554168701172,IN_BETRIEB,17.02.2024,False,
8330,Friedhofstrasse,9,8.778773,47.365855,IN_BETRIEB,29.11.2024,False,
8330,Friedhofstrasse,11,8.778383255004883,47.3660774230957,IN_BETRIEB,29.07.2024,False,siehe auch Obermattstrasse 2
8330,Friedhofstrasse,16,8.778661,47.366167,IN_BETRIEB,15.08.2024,True,Batterie
8330,Friedhofstrasse,20,8.778272,47.366393,IN_BETRIEB,21.02.2025,True,Batterie
8330,Friedhofstrasse,37,8.7764,47.366497,ANMELDUNG,15.04.2026,False,
8330,Friedhofstrasse,59.1,8.77341365814209,47.36732864379883,IN_BETRIEB,24.01.2024,False,
8330,Friedhofstrasse,59.3,8.774803161621094,47.36682891845703,IN_BETRIEB,08.02.2018,False,
8330,Gartenstrasse,2,8.792235374450684,47.36533737182617,IN_BETRIEB,14.08.2009,False,
8330,Gartenstrasse,3,8.792731285095215,47.36537170410156,IN_BETRIEB,25.06.2018,False,
8330,Gartenstrasse,4,8.792638778686523,47.36515808105469,ANMELDUNG,21.04.2023,False,
8330,Gärtliackerstrasse,7,8.826206,47.395638,IN_BETRIEB,14.11.2025,True,Batterie
8330,Geenstrasse,1-7,8.795427,47.36345,ANMELDUNG,12.02.2026,False,
8330,Geenstrasse,2,8.796256065368652,47.36362838745117,IN_BETRIEB,,False,"kein Plan vorhanden, BG2009-0095"
8330,Geenstrasse,20.1,8.796231269836426,47.363975524902344,IN_BETRIEB,17.01.2024,False,
8331,Girhaldenstrasse,6,8.8102388381958,47.3488883972168,IN_BETRIEB,27.03.2015,False,
8330,Girhaldenstrasse,15,8.811646,47.349471,IN_BETRIEB,26.05.2026,False,
8330,Glärnischstrasse,4,8.78652572631836,47.36301803588867,IN_BETRIEB,12.08.2022,False,
8330,Glärnischstrasse,5,8.787124633789062,47.36304473876953,IN_BETRIEB,09.05.2008,False,
8330,Glärnischstrasse,8,8.787033081054688,47.36268615722656,IN_BETRIEB,09.01.2024,False,
8330,Glärnischstrasse,10,8.787246,47.36264,ANMELDUNG,23.02.2026,False, kein richtiger Plan erhalten
8330,Güchstrasse,5.1,8.794086456298828,47.36317443847656,IN_BETRIEB,07.09.2023,False,
8330,Güchstrasse,7.1,8.793951988220215,47.36323165893555,IN_BETRIEB,25.01.2024,False,
8330,Hanggelerstrasse,3,8.827348709106445,47.395179748535156,IN_BETRIEB,17.11.2016,False,
8330,Heidenwiesstrasse,6,8.801445007324219,47.362937927246094,IN_BETRIEB,27.12.2017,False,
8330,Heligenstrasse,2.1,8.800801277160645,47.355186462402344,IN_BETRIEB,16.05.2024,False,
8330,Hermatswilerstrasse,20,8.806741714477539,47.381629943847656,IN_BETRIEB,10.02.2023,False,
8330,Hermatswilerstrasse,50,8.825438499450684,47.393375396728516,IN_BETRIEB,30.11.2016,False,
8330,Hermatswilerstrasse,62,8.826594,47.394514,IN_BETRIEB,05.05.2023,False,
8330,Hittnauerstrasse,20,8.790833473205566,47.36417770385742,IN_BETRIEB,01.11.2018,False,Schulhaus Mettlen
8330,Hittnauerstrasse,25,8.79211139678955,47.36474609375,IN_BETRIEB,07.04.2021,False,
8330,Hittnauerstrasse,26,8.791979789733887,47.364437103271484,IN_BETRIEB,01.09.2023,False,
8330,Hittnauerstrasse,28,8.791707038879395,47.364349365234375,IN_BETRIEB,13.04.2018,False,
8330,Hittnauerstrasse,34,8.793106079101562,47.36440658569336,IN_BETRIEB,24.05.2023,False,Haus B
8330,Hittnauerstrasse,36,8.793627738952637,47.36453628540039,IN_BETRIEB,02.06.2022,False,
8330,Hittnauerstrasse,52,8.794897,47.364809,ANMELDUNG,02.09.2026,True,Batterie
8330,Hittnauerstrasse,83,8.79764461517334,47.365203857421875,IN_BETRIEB,23.10.2017,False,
8330,Hochstrasse,4,8.78258228302002,47.36690139770508,IN_BETRIEB,30.11.2016,False,
8330,Hochstrasse,15,8.78351,47.366898,ANMELDUNG,18.11.2025,False,
8330,Hochstrasse,63,8.788303,47.364207,IN_BETRIEB,10.06.2025,False,
8330,Hochstrasse,72,8.788299560546875,47.363590240478516,IN_BETRIEB,18.03.2021,False,
8330,Hochstrasse,73,8.788499,47.36385,IN_BETRIEB,03.09.2025,False,
8330,Hochstrasse,75,8.788825988769531,47.36370086669922,IN_BETRIEB,22.10.2020,False,
8330,Hochstrasse,128,8.79175853729248,47.36088943481445,IN_BETRIEB,,False,
8330,Hochstrasse,137,8.793221473693848,47.36090850830078,IN_BETRIEB,28.11.2013,False,
8330,Hochstrasse,139,8.793389320373535,47.36085510253906,IN_BETRIEB,28.11.2013,False,
8330,Hochstrasse,141,8.793621063232422,47.36073303222656,IN_BETRIEB,28.11.2013,False,
8330,Hochstrasse,187,8.795430183410645,47.35892105102539,IN_BETRIEB,07.06.2013,False,
8330,Hochstrasse,190,8.795437812805176,47.35810852050781,IN_BETRIEB,19.08.2024,False,
8330,Hofwiesenstrasse,1,8.78189754486084,47.37364959716797,IN_BETRIEB,27.06.2023,False,
8330,Hofwiesenstrasse,2,8.781890869140625,47.37334442138672,IN_BETRIEB,27.06.2023,False,
8330,Hofwiesenstrasse,3,8.781872749328613,47.373783111572266,IN_BETRIEB,27.06.2023,False,
8330,Hofwiesenstrasse,4,8.781917572021484,47.37318801879883,IN_BETRIEB,27.06.2023,False,
8330,Hofwiesenstrasse,5,8.782279014587402,47.373661041259766,IN_BETRIEB,12.04.2023,False,
8330,Hofwiesenstrasse,6,8.78231143951416,47.37334060668945,IN_BETRIEB,27.06.2023,False,
8330,Hofwiesenstrasse,8,8.782505989074707,47.37324523925781,IN_BETRIEB,27.06.2023,False,
8330,Hofwiesenstrasse,14,8.782843589782715,47.37303161621094,IN_BETRIEB,13.07.2023,False,
8330,Hofwiesenstrasse,16,8.783088,47.372981,ANMELDUNG,26.11.2025,False,
8330,Hofwiesenstrasse,25, 8.783186,47.373274,ANMELDUNG,07.09.2026,True,Batterie
8330,Hofwiesenstrasse,27,8.783445358276367,47.37321853637695,IN_BETRIEB,07.09.2023,False,
8330,Hofwiesenstrasse,29,8.783477783203125,47.373199462890625,IN_BETRIEB,07.09.2023,False,
8330,Hohlgasse,13,8.765369415283203,47.3548698425293,IN_BETRIEB,07.07.2022,False,
8330,Hotzenweidstrasse,45a,8.778013229370117,47.37271499633789,IN_BETRIEB,23.02.2024,False,
8330,Hotzenweidstrasse,49,8.777950286865234,47.37308883666992,IN_BETRIEB,06.04.2021,False,
8330,Hotzenweidstrasse,53B,8.778408,47.373384,ANMELDUNG,17.07.2026,True,Batterie
8330,Hotzenweidstrasse,53E,8.778197288513184,47.37346267700195,IN_BETRIEB,30.07.2012,False,
8330,Hotzenweidstrasse,53F,8.77814,47.373506,ANMELDUNG,28.07.2026,False,Plan nicht vorhanden
8330,Hotzenweidstrasse,53G,8.778071403503418,47.373531341552734,IN_BETRIEB,18.07.2014,False,
8330,Hotzenweidstrasse,55a,8.779356002807617,47.3734016418457,IN_BETRIEB,12.12.2016,False,
8330,Hotzenweidstrasse,55b,8.779287,47.373427,ANMELDUNG,01.06.2026,True,Batterie
8330,Hotzenweidstrasse,55c,8.779229164123535,47.373470306396484,IN_BETRIEB,09.11.2016,False,
8330,Hotzenweidstrasse,55f,8.779019355773926,47.37355041503906,IN_BETRIEB,21.10.2016,False,
8330,Höhenstrasse,10,8.805892944335938,47.37918472290039,IN_BETRIEB,14.12.2016,False,
8330,Höhenstrasse,31,8.798900604248047,47.38163375854492,IN_BETRIEB,29.09.2023,False,
8330,Höhenstrasse,33,8.798356056213379,47.38164520263672,IN_BETRIEB,29.09.2023,False,
8330,Höhenstrasse,33.1,8.798225402832031,47.38135528564453,IN_BETRIEB,29.09.2023,False,
8330,Höhenstrasse,34,8.797697067260742,47.3821907043457,UNBEKANNT,,False,keine Ahnung
8330,Höhenstrasse,37,8.797146797180176,47.38215637207031,UNBEKANNT,,False,nicht erstellt
8330,Hörnlistrasse,105,8.79453182220459,47.3657112121582,IN_BETRIEB,12.07.2019,False,
8330,Hörnlistrasse,15,8.785663604736328,47.37058639526367,IN_BETRIEB,16.11.2016,False,
8330,Hörnlistrasse,22,8.785921096801758,47.37002182006836,IN_BETRIEB,,False,"kein Plan vorhanden, BG2011-0128"
8330,Hörnlistrasse,27,8.786643028259277,47.3702507019043,IN_BETRIEB,22.12.2015,False,
8330,Hörnlistrasse,38,8.787040710449219,47.36904525756836,IN_BETRIEB,08.09.2014,False,
8330,Hörnlistrasse,55,8.788681030273438,47.368682861328125,30.11.2023,False,Gefängnis
8330,Hörnlistrasse,60,8.788569450378418,47.36836624145508,IN_BETRIEB,23.02.2023,False,
8330,Hörnlistrasse,64,8.789417,47.368127,ANMELDUNG,06.10.2025,False,
8330,Hörnlistrasse,68,8.789800643920898,47.36801528930664,IN_BETRIEB,14.07.2020,False,
8330,Hörnlistrasse,71,8.789782524108887,47.36848449707031,IN_BETRIEB,19.01.2026,False,Bezirksgebäude
8330,Hörnlistrasse,77,8.791132926940918,47.36759567260742,IN_BETRIEB,21.05.2014,False,
8330,Hörnlistrasse,80,8.791336059570312,47.366539001464844,IN_BETRIEB,14.08.2018,False,
8330,Hörnlistrasse,86.1,8.792349815368652,47.366512298583984,IN_BETRIEB,22.03.2022,False,
8330,Hörnlistrasse,88,8.792556762695312,47.36643600463867,IN_BETRIEB,,False,"kein Plan vorhanden, BG2013-0044"
8330,Hörnlistrasse,90,8.792763710021973,47.36631774902344,IN_BETRIEB,26.09.2024,True,Batterie
8330,Hörnlistrasse,99,8.793985366821289,47.366085052490234,IN_BETRIEB,06.03.2017,False,
8330,Hörnlistrasse,101,8.794294,47.365976,IN_BETRIEB,31.10.2024,True,Batterie
8330,Im Freienstein,8a+b,8.794179916381836,47.36564636230469,IN_BETRIEB,17.01.2024,True,Batterie
8330,Im Freienstein,10,8.793414,47.36597,IN_BETRIEB,21.11.2024,False
8330,Im Spitz,"1,3", 8.776942,47.366295,ANMELDUNG,15.04.2026,False
8330,Im Spitz,"7,9,11",8.776571,47.366076,ANMELDUNG,15.04.2026,False
8330,Im Spitz,33,8.773367881774902,47.3661994934082,IN_BETRIEB,09.04.2024,False,
8330,Im Spitz,35,8.77330207824707,47.3661003112793,IN_BETRIEB,09.04.2024,False,
8330,Im Stock,4,8.784727096557617,47.369895935058594,IN_BETRIEB,,False,"(BG2013-0055), nach meinem Wissensstand ist es eine thermische Anlage"
8330,Im Stock,6,8.784584999084473,47.36991882324219,IN_BETRIEB,,False,"kein Plan vorhanden, BG2008-0050"
8330,In der Tarn,1,8.788652420043945,47.355777740478516,IN_BETRIEB,09.02.2017,False,
8330,Kempttalstrasse,42,8.780162811279297,47.36824035644531,IN_BETRIEB,01.08.2018,False,
8330,Kempttalstrasse,60,8.778665542602539,47.36941909790039,IN_BETRIEB,22.06.2022,False,
8330,Kempttalstrasse,"78,78.1",8.777316,47.370414,IN_BETRIEB,26.03.2026,True,"Batterie, Schopf"
8330,Kempttalstrasse,90,8.776277542114258,47.37108612060547,IN_BETRIEB,19.02.2019,False,
8330,Leeweidstrasse,15,8.808133125305176,47.37969970703125,IN_BETRIEB,01.11.2022,False,
8330,Loorenrainstrasse,5,8.788751,47.376184,IN_BETRIEB,27.01.2025,True,Batterie
8330,Loorenrainstrasse,6,8.78854751586914,47.37677001953125,IN_BETRIEB,11.02.2021,False,
8330,Mattenstrasse,88,8.774360656738281,47.36846160888672,IN_BETRIEB,08.01.2018,False,
8330,Mattenstrasse,90,8.774580955505371,47.36836242675781,IN_BETRIEB,26.04.2019,False,
8330,Mettlenstrasse,7,8.791800498962402,47.362770080566406,IN_BETRIEB,,False,"kein Plan vorhanden, BG2012-0084"
8330,Mettlenstrasse,18a,8.792926788330078,47.362483978271484,UNBEKANNT,,False,(BG2012-0004) nicht erstellt
8330,Mettlenstrasse,19c,8.792962074279785,47.36328125,IN_BETRIEB,10.07.2024,False,
8330,Mettlenstrasse,20a,8.793288230895996,47.362308502197266,IN_BETRIEB,,False,"kein Plan vorhanden, BG2011-0045"
8330,Mettlenstrasse,20d,8.793545722961426,47.3621826171875,IN_BETRIEB,,False,"kein Plan vorhanden, BG2013-0037"
8330,Mettlenstrasse,36,8.793325424194336,47.36272048950195,IN_BETRIEB,03.10.2017,False,
8331,Mythenstrasse,2,8.818271,47.343614,IN_BETRIEB,07.11.2024,True,"Batterie, Schopf"
8330,Neuhofstrasse,2,8.794313430786133,47.36430740356445,IN_BETRIEB,29.11.2017,False,
8330,Neuhofstrasse,10,8.793481,47.364087,IN_BETRIEB,19.02.2026,False,
8330,Näppenrainstrasse,2a,8.78987979888916,47.374732971191406,IN_BETRIEB,02.07.2021,False,
8330,Näppenrainstrasse,4,8.789541244506836,47.37487030029297,IN_BETRIEB,04.04.2019,False,
8330,Näppenrainstrasse,7,8.788224220275879,47.375328063964844,IN_BETRIEB,20.03.2015,False,
8330,Näppenrainstrasse,9,8.788066864013672,47.375450134277344,IN_BETRIEB,01.08.2021,False,
8330,Näppenrainstrasse,11,8.788020133972168,47.37546920776367,IN_BETRIEB,01.03.2022,False,
8330,Näppenrainstrasse,15,8.787837028503418,47.37559127807617,IN_BETRIEB,01.09.2022,False,
8330,Näppenrainstrasse,16,8.788162231445312,47.3761100769043,IN_BETRIEB,27.08.2024,False,
8330,Näppenrainstrasse,18,8.788032531738281,47.376338958740234,IN_BETRIEB,10.10.2022,False,
8330,Näppenrainstrasse,19,8.78762149810791,47.37574005126953,IN_BETRIEB,01.03.2022,False,
8330,Näppenrainstrasse,20,8.787759780883789,47.37662887573242,IN_BETRIEB,06.10.2021,False,
8330,Näppenrainstrasse,33,8.786942481994629,47.376216888427734,IN_BETRIEB,,False,kein Plan vorhanden
8330,Näppenrainstrasse,35,8.788107872009277,47.37571716308594,IN_BETRIEB,24.01.2025,True,Batterie
8330,Näppenrainstrasse,37,8.788042068481445,47.37577819824219,IN_BETRIEB,15.11.2023,False,
8330,Näppenrainstrasse,39,8.787851333618164,47.375953674316406,IN_BETRIEB,15.11.2023,False,
8330,Näppenrainstrasse,45,8.78752613067627,47.376251220703125,IN_BETRIEB,15.11.2023,False,
8330,Nussbaumstrasse,1,8.78918743133545,47.36647415161133,IN_BETRIEB,,False,"kein Plan vorhanden, BG2012-0114"
8330,Nussbaumstrasse,7,8.789461135864258,47.36670684814453,IN_BETRIEB,29.08.2024,True,Batterie
8330,Nussbaumstrasse,11,8.78906536102295,47.36698532104492,IN_BETRIEB,01.10.2022,False,
8330,Nussbaumstrasse,17,8.789453506469727,47.367191314697266,IN_BETRIEB,19.09.2024,False,
8330,Oberhittnauerstrasse,8,8.797228813171387,47.36421585083008,IN_BETRIEB,21.08.2023,True,Batterie
8330,Oberhittnauerstrasse,22a-c,8.798563,47.363437,IN_BETRIEB,25.03.2025,False,
8330,Oberhittnauerstrasse,22d,8.798357,47.363527,IN_BETRIEB,25.03.2025,False,
8330,Oberhittnauerstrasse,40.1,8.803689,47.363263,ANMELDUNG,01.04.2025,True,Batterie 
8330,Obermattstrasse,2,8.778190612792969,47.36570358276367,29.07.2024,False,siehe auch Friedhofstrasse 11
8330,Obermattstrasse,8,8.777478218078613,47.365875244140625,IN_BETRIEB,08.07.2024,True,Batterie
8330,Obermattstrasse,28t,8.778813362121582,47.367271423339844,IN_BETRIEB,31.01.2023,False,
8330,Obermattstrasse,39,8.77880573272705,47.368473052978516,IN_BETRIEB,15.06.2022,False,
8330,Obermattstrasse,65,8.780136108398438,47.36983108520508,IN_BETRIEB,17.12.2020,False,Haus C
8330,Obermattstrasse,65,8.780136108398438,47.36983108520508,IN_BETRIEB,17.12.2020,False,Haus F
8330,Obermattstrasse,70,8.780708,47.369881,IN_BETRIEB,04.09.2024,False,
8330,Obermattstrasse,73,8.780515670776367,47.37083435058594,IN_BETRIEB,15.07.2020,False,
8330,Oberwilerstrasse,1,8.796204566955566,47.36308670043945,IN_BETRIEB,08.07.2018,False,
8330,Oberwilerstrasse,12,8.796955108642578,47.36250686645508,IN_BETRIEB,28.11.2023,False,
8330,Oberwilerstrasse,14,8.797430038452148,47.362300872802734,IN_BETRIEB,25.05.2023,False,
8330,Oberwilerstrasse,34,8.79915,47.363037,IN_BETRIEB,30.07.2025,False,
8330,Pfaffbergstrasse,2+4,8.795028,47.365405,IN_BETRIEB,20.11.2025,False
8330,Pfaffbergstrasse,21,8.793930053710938,47.36745834350586,IN_BETRIEB,17.09.2020,False,
8330,Pfaffbergstrasse,21,8.79409,47.367133,IN_BETRIEB,31.08.2026,False,
8331,Pfäffikerstrasse,10b,8.806247,47.344968,IN_BETRIEB,19.08.2025,False,
8331,Pfäffikerstrasse,12a,8.80650520324707,47.344661712646484,IN_BETRIEB,29.05.2024,True,Batterie
8331,Pfäffikerstrasse,12b,8.806385040283203,47.344688415527344,IN_BETRIEB,13.02.2017,False,
8331,Pfäffikerstrasse,14,8.806509971618652,47.344337463378906,IN_BETRIEB,25.03.2023,False,
8330,Pilatusstrasse,40,8.78344,47.363297,IN_BETRIEB,14.02.2026,False,
8330,Plattenweg,3a,8.797677040100098,47.36201858520508,IN_BETRIEB,23.03.2021,False,
8330,Postgasse,7,8.783123,47.366098,IN_BETRIEB,04.02.2025,False,
8330,Rainweg,4,8.797471046447754,47.36567306518555,ANMELDUNG,20.01.2025,True,Batterie
8330,Rappengasse,8,8.782119,47.365888,IN_BETRIEB,02.07.2025,True,Batterie
8330,Rappengasse,31,8.783610343933105,47.366065979003906,IN_BETRIEB,05.12.2016,False,
8330,Rickstrasse,20,8.78610897064209,47.37957763671875,IN_BETRIEB,07.07.2022,False,
8330,Rickstrasse,22,8.786210060119629,47.37974166870117,IN_BETRIEB,23.06.2023,False,
8330,Rigistrasse,15,8.787908554077148,47.36369323730469,IN_BETRIEB,27.02.2024,False,
8330,Rigistrasse,16,8.78648853302002,47.36384963989258,IN_BETRIEB,30.05.2021,False,
8330,Rigistrasse,20,8.786112785339355,47.363399505615234,IN_BETRIEB,22.02.2024,False,
8330,Rigistrasse,38,8.785317,47.362709,ANMELDUNG,03.07.2025,True,Batterie
8330,Russikerstrasse,23,8.783037185668945,47.369754791259766,UNBEKANNT,,False,"(BG2009-0116) ob effektiv erstellt, unklar"
8330,Russikerstrasse,55,8.780709,47.371995,IN_BETRIEB,03.09.2025,True,Batterie
8330,Russikerstrasse,57,8.781072,47.371975,ANMELDUNG,15.10.2025,False,
8330,Russikerstrasse,60,8.78193187713623,47.37181091308594,IN_BETRIEB,19.06.2023,False,
8330,Russikerstrasse,107,8.780557632446289,47.37509536743164,IN_BETRIEB,04.11.2016,False,
8330,Russikerstrasse,113a,8.780041694641113,47.37562561035156,IN_BETRIEB,13.10.2023,False,
8330,Russikerstrasse,151,8.78199577331543,47.379478454589844,IN_BETRIEB,15.08.2016,False,kein Plan vorhanden (BG2011-0127)
8330,Russikerstrasse,152,8.781932830810547,47.37993240356445,IN_BETRIEB,,False,keine Pläne vorhanden
8330,Sandgrubenstrasse,11,8.777139,47.368746,IN_BETRIEB,06.08.2024,True,Batterie
8330,Sandgrubenstrasse,13,8.776747703552246,47.36854553222656,IN_BETRIEB,21.08.2024,False,
8330,Sandgrubenstrasse,15,8.77651596069336,47.369014739990234,IN_BETRIEB,21.08.2024,False,
8330,Sandgrubenstrasse,17,8.776055335998535,47.36869812011719,IN_BETRIEB,06.08.2024,True,Batterie
8330,Sandgrubenstrasse,19,8.775619506835938,47.36843490600586,IN_BETRIEB,16.07.2024,True,Batterie
8330,Schalchenstrasse,1,8.82674789428711,47.395118713378906,UNBEKANNT,,False,nicht erstellt
8330,Schalchenstrasse,8,8.827027320861816,47.39542770385742,UNBEKANNT,,False,keine Ahnung
8330,Schalchenstrasse,10,8.826834678649902,47.39547348022461,IN_BETRIEB,,False,"kein Plan vorhanden, BG2010-0032"
8330,Schalchenstrasse,21.3,8.826,47.396775,IN_BETRIEB,14.03.2025,True,Batterie
8330,Schanzstrasse,10,8.769975,47.365314,IN_BETRIEB,28.09.2021,False,Klärbecken
8330,Schanzstrasse,10,8.769731,47.365777,ANMELDUNG,24.09.2025,False,Betriebsgebäude
8330,Schanzstrasse,15,8.76949405670166,47.366455078125,IN_BETRIEB,18.07.2021,False,
8330,Schanzweg,2,8.768019676208496,47.36479949951172,IN_BETRIEB,11.05.2023,False,Hauptgebäude
8330,Schanzweg,2,8.767688,47.365102,IN_BETRIEB,11.05.2023,False,Schopf hinter dem Hauptgebäude
8330,Schanzweg,11,8.766977,47.363813,ANMELDUNG,07.08.2025, False,
8330,Schärackerstrasse,11,8.780139923095703,47.37103271484375,IN_BETRIEB,15.07.2020,False,
8330,Schärackerstrasse,35,8.777544,47.37211,IN_BETRIEB,18.03.2026,False,
8330,Schmiedenweg,6,8.794626235961914,47.36020278930664,IN_BETRIEB,24.06.2023,False,
8330,Schmiedenweg,7,8.794504165649414,47.36051559448242,IN_BETRIEB,15.03.2024,False,
8330,Schmiedenweg,8,8.794828414916992,47.36039352416992,IN_BETRIEB,12.10.2022,False,
8330,Schönbüelstrasse,2,8.797871589660645,47.36215591430664,IN_BETRIEB,07.12.2016,False,
8330,Schönbüelstrasse,8,8.798333168029785,47.36181640625,IN_BETRIEB,28.08.2023,True,Batterie
8330,Schönbüelstrasse,11,8.7990140914917,47.36186218261719,IN_BETRIEB,16.09.2014,False,
8330,Schönbüelstrasse,12,8.79860782623291,47.36160659790039,IN_BETRIEB,28.02.2024,False,
8330,Schönbüelstrasse,14,8.798413276672363,47.36141586303711,IN_BETRIEB,,False,"kein Plan vorhanden, BG2013-0064"
8330,Schönbüelstrasse,16,8.798879623413086,47.36137771606445,IN_BETRIEB,18.07.2012,False,kein Plan vorhanden (BG2012-0078)
8330,Schönbüelstrasse,19,8.799667358398438,47.361297607421875,IN_BETRIEB,06.11.2023,False,
8330,Schönbüelstrasse,26,8.79978084564209,47.3605842590332,IN_BETRIEB,14.01.2025,True,Batterie
8330,Schönbüelstrasse,28,8.800143241882324,47.36075210571289,IN_BETRIEB,07.10.2013,False,
8330,Schönbüelstrasse,29,8.799888610839844,47.36115646362305,IN_BETRIEB,06.11.2023,False,
8330,Schönbüelstrasse,32a,8.800614356994629,47.36119079589844,UNBEKANNT,,False,kein Plan vorhanden
8330,Schönbüelstrasse,32b,8.800722122192383,47.36113357543945,IN_BETRIEB,03.11.2023,False,
8330,Schönbüelstrasse,35,8.800048,47.361573,ANMELDUNG,15.07.2025,False,
8330,Schönbüelstrasse,38,8.800381660461426,47.36186981201172,IN_BETRIEB,05.10.2014,False,
8330,Schönbüelstrasse,39,8.799689292907715,47.361881256103516,IN_BETRIEB,04.11.2020,True,Batterie
8330,Schönbüelstrasse,40,8.79995059967041,47.36206817626953,IN_BETRIEB,01.05.2022,False,
8330,Schönbüelstrasse,42,8.799797058105469,47.362281799316406,IN_BETRIEB,13.10.2024,False,
8330,Schönbüelstrasse,45,8.798887252807617,47.36244201660156,ANMELDUNG,02.11.2023,False,"Kombi-Anlage, PV + thermisch"
8330,Schriberweidstrasse,2,8.777667,47.374492,ANMELDUNG,01.09.2025,False,
8330,Schriberweidstrasse,16,8.777102,47.374219,IN_BETRIEB,24.09.2025,False,
8330,Schriberweidstrasse,18,8.776914,47.373958,IN_BETRIEB,24.09.2025,False,
8330,Schriberweidstrasse,21,8.777246,47.373061,IN_BETRIEB,04.09.2025,False,
8331,Schulhausstrasse,10,8.80843,47.343502,IN_BETRIEB,01.07.2024,False,
8331,Schulhausstrasse,16,8.810564994812012,47.34264373779297,IN_BETRIEB,05.10.2023,False,
8331,Schulhausstrasse,25,8.812577,47.343168,IN_BETRIEB,08.09.2025,False
8331,Schulhaustrasse,30.1,8.81419849395752,47.34225082397461,IN_BETRIEB,14.05.2024,True,Batterie
8330,Schulstrasse,26,8.780765533447266,47.366764068603516,ANMELDUNG,16.06.2023,False,
8330,Schürstrasse,9,8.802884101867676,47.385013580322266,IN_BETRIEB,11.03.2015,False,
8330,Schützenhausstrasse,1,8.773046493530273,47.365806579589844,IN_BETRIEB,14.07.2020,False,
8330,Schützenhausstrasse,5,8.772027,47.365779,IN_BETRIEB,23.02.2026,False,
8330,Seehof,1.1,8.791329383850098,47.35606002807617,IN_BETRIEB,19.09.2014,False,
8331,Seewadelstrasse,8.1,8.804657936096191,47.343788146972656,IN_BETRIEB,27.07.2023,True,Batterie
8331,Seewadelstrasse,10,8.804661750793457,47.343589782714844,UNBEKANNT,,False,kein Plan vorhanden
8331,Seewadelstrasse,12,8.804412841796875,47.343597412109375,UNBEKANNT,,False,kein Plan vorhanden
8331,Seewadelstrasse,14,8.804048538208008,47.34356689453125,IN_BETRIEB,14.10.2020,False,
8330,Seilerstrasse,21,8.778051376342773,47.38168716430664,UNBEKANNT,,False,kein Plan vorhanden
8331,Sonnengrundstrasse,1,8.81498908996582,47.34371566772461,IN_BETRIEB,25.05.2016,False,
8331,Sonnengrundstrasse,8.1,8.814179420471191,47.34316635131836,IN_BETRIEB,29.03.2018,False,
8331,Sonnenstrasse,6,8.77036,47.370862,IN_BETRIEB,21.01.2019,False,
8331,Sonnenstrasse,6,8.807332,47.345188,IN_BETRIEB,04.12.2025,False,TG Einfahrt
8331,Sonnenstrasse,15,8.808004379272461,47.34489059448242,IN_BETRIEB,16.01.2024,True,Batterie
8331,Sonnenstrasse,20,8.807519,47.344162,IN_BETRIEB,10.05.2025,True,Batterie
8331,Sonnenstrasse,22,8.807404518127441,47.34402847290039,IN_BETRIEB,31.05.2021,False,
8330,Sophie-Guyer-Strasse,2,8.789011001586914,47.36570358276367,IN_BETRIEB,03.12.2018,False,
8330,Sophie-Guyer-Strasse,3,8.788225,47.365698,ANMELDUNG,11.08.2025,False,
8330,Sophie-Guyer-Strasse,5,8.787901,47.365926,ANMELDUNG,11.08.2025,False,
8330,Sophie-Guyer-Strasse,9,8.787518501281738,47.36625289916992,IN_BETRIEB,15.02.2023,False,
8330,Speckstrasse,3,8.770674,47.370739,ANMELDUNG,14.02.2024,True
8330,Speckstrasse,5,8.770359992980957,47.37037658691406,IN_BETRIEB,28.05.2025,False,Erweiterung an der Fassade
8330,Speckstrasse,9,8.770119667053223,47.37041091918945,IN_BETRIEB,28.06.2013,False,
8330,Speckstrasse,11,8.77036,47.370862,05.12.2025,True,Batterie
8330,Speckstrasse,18,8.770642280578613,47.37211990356445,IN_BETRIEB,20.08.2024,False,
8330,Speckstrasse,19,8.768631935119629,47.37198257446289,IN_BETRIEB,17.11.2023,False,Haba AG
8330,Speckstrasse,20,8.770269393920898,47.37314987182617,IN_BETRIEB,23.05.2022,False,
8330,Speckstrasse,23,8.767312049865723,47.37307357788086,IN_BETRIEB,14.04.2022,False,
8330,Speckstrasse,24.6,8.76804,47.373452,IN_BETRIEB,28.04.2025,False,Huber & Suhner AG
8330,Speerstrasse,9,8.771788597106934,47.369014739990234,IN_BETRIEB,,False,"kein Plan vorhanden, BG2013-0008"
8330,Steinackerstrasse,1,8.779577255249023,47.37390899658203,IN_BETRIEB,16.01.2024,False,
8330,Steinmüristrasse,14,8.792482376098633,47.36559295654297,IN_BETRIEB,15.12.2023,False,
8330,Steinmüristrasse,15,8.792251586914062,47.36581039428711,IN_BETRIEB,05.03.2021,False,a+b
8330,Steinmüristrasse,19,8.79244613647461,47.36598205566406,IN_BETRIEB,22.09.2023,True,Batterie
8330,Steinwiesstrasse,43,8.782249450683594,47.37192153930664,IN_BETRIEB,14.03.2018,False,
8330,Steinwiesstrasse,45,8.78207778930664,47.37206268310547,IN_BETRIEB,19.06.2023,False,
8330,Stockstrasse,12,8.784666061401367,47.369529724121094,IN_BETRIEB,01.02.2023,False,
8330,Stockstrasse,23,8.786377,47.36911,IN_BETRIEB,18.09.2024,True,Batterie
8330,Stockstrasse,26,8.78638744354248,47.36884307861328,UNBEKANNT,,False,keine Ahnung
8330,Stogelenstrasse,1,8.784496,47.363213,ANMELDUNG,03.07.2025,False,
8330,Stogelenstrasse,3,8.784482,47.363124,ANMELDUNG,03.07.2025,False,
8330,Stogelenstrasse,26,8.783965110778809,47.363059997558594,IN_BETRIEB,14.07.2020,False,
8330,Stogelenstrasse,38,8.784951210021973,47.362457275390625,IN_BETRIEB,11.08.2018,False,
8330,Stogelenweg,12,8.783185,47.363075,IN_BETRIEB,19.12.2024,False,
8330,Stogelenweg,14,8.783451,47.36285,IN_BETRIEB,19.12.2924,False, 
8331,Strandbadstrasse,5b,8.806047439575195,47.343360900878906,IN_BETRIEB,13.07.2023,False,
8331,Strandbadstrasse,7,8.805765151977539,47.34334182739258,ANMELDUNG,18.07.2023,False,
8331,Strandbadstrasse,22,8.80514907836914,47.34376907348633,IN_BETRIEB,26.11.2015,False,
8331,Strandbadstrasse,30,8.805418968200684,47.34405517578125,IN_BETRIEB,21.11.2016,False,
8331,Strandbadstrasse,34,8.805160522460938,47.34395980834961,IN_BETRIEB,13.06.2018,False,
8331,Strandbadstrasse,5a,8.80611515045166,47.34336853027344,IN_BETRIEB,,False,
8331,Strandbadstrasse,5b,8.806047439575195,47.343360900878906,IN_BETRIEB,13.07.2023,False,
8331,Strandbadstrasse,7,8.805765151977539,47.34334182739258,IN_BETRIEB,29.01.2024,False,
8331,Strandbadstrasse,16,8.805138,47.34353,IN_BETRIEB,04.08.2026,True,Batterie
8330,Sulzbergstrasse,4,8.782905578613281,47.379615783691406,IN_BETRIEB,26.10.2009,False,
8330,Sulzbergstrasse,10,8.784394264221191,47.37930679321289,UNBEKANNT,,False,nicht erstellt
8330,Sunnmattstrasse,5,8.786575,47.362588,ANMELDUNG,28.04.2025,False,
8330,Sunnmattstrasse,6,8.786508,47.36226,ANMELDUNG,07.10.2035,True,Batterie
8330,Tallhof,1,8.768794059753418,47.35551452636719,IN_BETRIEB,27.05.2021,False,
8330,Tollhammerstrasse,1,8.7819242477417,47.37290954589844,IN_BETRIEB,30.11.2016,False,
8330,Tollhammerstrasse,15,8.783463,47.372352,ANMELDUNG,28.01.2026,False,
8330,Tödistrasse,4,8.787056922912598,47.368221282958984,IN_BETRIEB,19.07.2024,False,
8330,Tödistrasse,20,8.788831,47.367326,IN_BETRIEB,12.09.2024,True,Batterie
8330,Tumbelenstrasse,6,8.78254508972168,47.3646354675293,IN_BETRIEB,21.09.2017,False,Chesselhuus
8330,Tumbelenstrasse,54+56,8.787399,47.362909,IN_BETRIEB,05.03.2026,False,WR im 54 HV im 56
8330,Tumbelenstrasse,58,8.787785,47.363074,IN_BETRIEB,05.03.2026,False,
8330,Tumbelenstrasse,60a,8.788342475891113,47.362892150878906,IN_BETRIEB,01.06.2021,False,
8330,Tumbelenstrasse,60f,8.786980628967285,47.361751556396484,IN_BETRIEB,01.06.2021,False,
8330,Tumbelenstrasse,72,8.789376258850098,47.362552642822266,IN_BETRIEB,20.08.2018,False,
8330,Tumbelenstrasse,74,8.789496421813965,47.36226272583008,IN_BETRIEB,04.01.2021,False,
8330,Usterstrasse,18,8.779699325561523,47.36559295654297,IN_BETRIEB,,False,"kein Plan vorhanden, BG2009-0059"
8330,Usterstrasse,25,8.779257774353027,47.365272521972656,IN_BETRIEB,22.11.2017,False,
8330,Usterstrasse,29.2,8.778737,47.3651,IN_BETRIEB,28.05.2024,False
8330,Usterstrasse,31,8.778631210327148,47.36442947387695,IN_BETRIEB,08.03.2019,False,
8330,Usterstrasse,37.1,8.778085,47.365283,IN_BETRIEB,11.09.2025,True, Batterie und Wechselrichter in Usterstrasse 39
8330,Usterstrasse,56,8.775688171386719,47.36582565307617,IN_BETRIEB,,False,"kein Plan vorhanden, BG2008-0100"
8330,Usterstrasse,67,8.774532318115234,47.36543273925781,IN_BETRIEB,08.07.2013,False,
8330,Usterstrasse,100,8.759896,47.360011,IN_BETRIEB,09.02.2022,False
8330,Usterstrasse,100a,8.759554,47.360525,IN_BETRIEB,14.09.2023,False
8330,Waldfriedenstrasse,4,8.797135353088379,47.37497329711914,IN_BETRIEB,25.08.2014,False,
8330,Waldfriedenstrasse,16,8.796187,47.375209,ANMELDUNG,29.05.2025,True,Batterie
8330,Waldfriedenstrasse,18,8.795778274536133,47.375282287597656,IN_BETRIEB,30.04.2022,False,
8330,Wallikerstrasse,30,8.786094665527344,47.370811462402344,IN_BETRIEB,08.02.2021,False,
8330,Wallikerstrasse,75,8.792562,47.373822,ANMELDUNG,25.06.2026,False,
8330,Wallikerstrasse,79,8.793121337890625,47.37399673461914,IN_BETRIEB,11.07.2022,False,
8330,Wallikerstrasse,81,8.793445587158203,47.373905181884766,UNBEKANNT,,False,kein Plan vorhanden
8330,Weidstrasse,4,8.787425994873047,47.369205474853516,IN_BETRIEB,,False,"kein Plan vorhanden, BG2007-0130"
8330,Weidstrasse,11,8.788681030273438,47.36967849731445,IN_BETRIEB,31.10.2023,False,
8330,Weidstrasse,30,8.789392471313477,47.369529724121094,IN_BETRIEB,11.06.2015,False,
8330,Weidstrasse,33,8.789348602294922,47.3699951171875,IN_BETRIEB,07.06.2022,False,
8330,Weidstrasse,34a,8.789536,47.369805,IN_BETRIEB,16.12.2025,True,Batterie
8330,Weidstrasse,36,8.789710998535156,47.36986541748047,IN_BETRIEB,28.11.2023,False,
8330,Weidstrasse,52,8.791171073913574,47.37015914916992,UNBEKANNT,,False,kein Plan vorhanden
8330,Wiesenstrasse,4,8.779352188110352,47.373985290527344,IN_BETRIEB,25.07.2018,False,
8330,Wiesenstrasse,6,8.779196739196777,47.3737678527832,IN_BETRIEB,26.05.2016,False,
8330,Winterhalden,3,8.758599281311035,47.3610725402832,UNBEKANNT,,False,"(BG2009-0032), nach meinem Wissensstand ist es eine thermische Anlage"
8330,Witzbergstrasse,1,8.774374008178711,47.37092208862305,IN_BETRIEB,,False,Chickeria
8330,Witzbergstrasse,18,8.771232604980469,47.370277404785156,IN_BETRIEB,19.09.2023,False,
8330,Witzbergstrasse,25,8.77010726928711,47.36897277832031,IN_BETRIEB,12.12.2023,False,
8330,Zelglistrasse,7,8.7848539352417,47.36807632446289,IN_BETRIEB,08.12.2020,False,
